"","Farm_code","yield_kgDM_ha.1","BLUE","GREEN","RED","NIR","SWIR1","SWIR2","NDVI","NDTI","GNDVI","NDMI","NDWI","NGRDI","SAVI","BSI","EVI","AVI","MSI","GCI","OSAVI","MSAVI2","NLI","VARI","SOCI","RIPI","RVI","fcc","tas_max_year","tas_min_year","tas_mean_year","bio4_year","bio7_year","pr_max_year","pr_min_year","pr_mean_year","pr_accum_year","bio15_year","tas_max_spring","tas_min_spring","tas_mean_spring","bio4_spring","bio7_spring","pr_max_spring","pr_min_spring","pr_mean_spring","pr_accum_spring","bio15_spring","spei3","spei5","spei8","spei12","spei24","cmi3","cmi5","CEC","T_OC","CN","N","P","K","pH_CaCl","pH_H2O","DEPTH_ROOTS","T_BD","T_CLAY","T_SAND","T_SILT","T_GRAVEL","T_TAWC","slope","aspect"
"1","atoquedo_2010",2790,0.0451261044981832,0.0824177886543038,0.090689319790753,0.28510161602556,0.230043803721338,0.139099683466984,0.521682001148754,0.351293984227804,0.552951583571771,0.110615911934526,-0.552951583571771,-0.0411988765126695,0.333343261738904,-0.18805694444649,0.327152163766277,0.368918792507893,0.807079119213429,2.50046013852118,0.364176411977295,0.308786439187029,-0.0457833064197397,-0.0548381726222625,6.37916215694763,0.187895467908157,3.25857595715613,35.1349310498449,17.15,7.61666666666667,13,5.80034481733629,-23.9,216.16,41.54,111.236666666667,667.42,59.8568647845376,18.2333333333333,7.93333333333334,13.9,3.31511689085018,-16.4,130.77,41.54,81.9333333333333,301.9,81.2645823728561,0.725964803979918,1.78952056155486,1.33608172333816,1.21198273651014,0.0160022274970214,28.3167014443947,336.043412994681,12.2596273422241,1.39999997615814,11.3049545288086,1.5960921049118,14.5019798278809,416.118804931641,5.96642398834229,6.75845670700073,1.43815243244171,1.5900000333786,9,73,18,21,37.7019805908203,3.35347330420816,188.583945906495
"2","atoquedo_2011",3540,0.0488801595162225,0.0821622580533024,0.0879022430330244,0.26503860325898,0.229922453085168,0.135709099420626,0.506792309943884,0.328962152412824,0.528591924309251,0.0739299561038996,-0.528591924309251,-0.0267985162883472,0.311748525555787,-0.17637865385523,0.312068715490391,0.349207682123844,0.870372432777487,2.28173874966319,0.346632288844714,0.285058233338217,-0.10146925994184,-0.0357860528340008,7.34531299081009,0.176470423146002,3.14978997421194,35.1349310498449,18.7166666666667,8.43333333333335,14.1833333333333,6.07895276068721,-25.4,126.31,10.06,78.1483333333333,468.89,50.1035402162195,19.8333333333334,9.70000000000001,15.5333333333333,4.30038757943203,-18.3,126.31,74.96,95.8033333333333,297.47,40.8702706446943,1.02285696792533,0.768893959334897,0.987762271030719,0.889622774469942,1.68030895523801,58.4432611327858,128.225228574365,12.2596273422241,1.39999997615814,11.3049545288086,1.5960921049118,14.5019798278809,416.118804931641,5.96642398834229,6.75845670700073,1.43815243244171,1.5900000333786,9,73,18,21,37.7019805908203,3.35347330420816,188.583945906495
"3","atoquedo_2012",4450,0.046804101953836,0.0690936061958302,0.0845020163640213,0.213754947218374,0.258024224991699,0.164246501156387,0.437986499487578,0.138344966788743,0.513129990882511,-0.0895632478172313,-0.513129990882511,-0.0952451164043415,0.242943760331585,-0.0312675577492864,0.236446161168258,0.292994042110466,1.20481689980662,2.1343115453554,0.28294082341073,0.21302116319591,-0.290848071364234,-0.136389948235002,8.50920363490182,0.149128481791198,2.61142522330744,35.1349310498449,18.6666666666667,6.73333333333335,12.9833333333333,6.8735483315873,-30.2,63.51,0.57,22.5483333333333,135.29,123.659287960638,19.4666666666667,7.9666666666667,14.1,4.24617474911243,-19.2,63.51,6.52,40.7766666666667,123.55,68.380058318461,-1.19234614491867,-1.51288846484306,-1.47798818283103,-1.59686350497936,-0.711691880618474,-159.304131147291,-286.003994709313,12.2596273422241,1.39999997615814,11.3049545288086,1.5960921049118,14.5019798278809,416.118804931641,5.96642398834229,6.75845670700073,1.43815243244171,1.5900000333786,9,73,18,21,37.7019805908203,3.35347330420816,188.583945906495
"4","atoquedo_2013",5350,0.0405195190032921,0.0819129852764218,0.0974594583494153,0.297115151152231,0.258812084742877,0.15773052660915,0.511590274798626,0.313937469878538,0.569485690393367,0.0748372698408931,-0.569485690393367,-0.0754814626437185,0.335653589595565,-0.150429969320589,0.318146734742711,0.376303513484706,0.872675658342459,2.71066070235208,0.362143207971188,0.313163382992646,-0.0338917626875984,-0.0975972789520128,5.34968964526644,0.197287304750823,3.28607443028157,35.1349310498449,17.2166666666667,7.26666666666668,12.8,5.60927802840972,-25.2,293.74,9.09,85.5633333333333,513.38,123.948377445735,17.5666666666667,7.60000000000002,13.2666666666667,3.05668665933118,-15.5,293.74,14.87,116.87,359.7,90.7455834304375,1.65865349359746,1.01583489125873,0.779237780347442,0.672378869631804,-0.92359301334066,130.688681626579,173.733279707871,12.2596273422241,1.39999997615814,11.3049545288086,1.5960921049118,14.5019798278809,416.118804931641,5.96642398834229,6.75845670700073,1.43815243244171,1.5900000333786,9,73,18,21,37.7019805908203,3.35347330420816,188.583945906495
"5","atoquedo_2014",2790,0.0435345576909979,0.0924365997389033,0.101065881212396,0.271658330661823,0.226266973890339,0.143551316449086,0.461721340070772,0.310481747773793,0.493859467990452,0.0929294139285628,-0.493859467990452,-0.0395219130854767,0.293698493203027,-0.129885525774004,0.275806630378594,0.346400961200683,0.831790922820268,1.96828764790467,0.321595343433882,0.268012838944474,-0.148296179083754,-0.0505608971777547,4.85335886008854,0.18636210593711,2.7717042402796,35.1349310498449,18.5,8.58333333333334,14.2333333333333,5.44377320125174,-23.6,148.27,1.59,73.4683333333333,440.81,82.2006711882617,20.0666666666667,9.03333333333334,15.3,3.47706773014273,-17.9,66.99,22.45,49.7766666666667,150.92,121.324843857556,-0.90633130781767,0.393025530933517,-0.147853805492949,-0.2142855096317,0.635909516832783,-128.294730865513,62.5735261668803,12.2596273422241,1.39999997615814,11.3049545288086,1.5960921049118,14.5019798278809,416.118804931641,5.96642398834229,6.75845670700073,1.43815243244171,1.5900000333786,9,73,18,21,37.7019805908203,3.35347330420816,188.583945906495
"6","la_cana_2002",2280,0.0369632518365994,0.0690821347006048,0.0558715873985216,0.426750693004123,0.18246447787454,0.0878461201099689,0.766227733821388,0.65930861474031,0.71873192255939,0.400703939578827,-0.71873192255939,0.121713644261527,0.563986954945196,-0.532591163821908,0.624434707570474,0.529352301410705,0.435613800213841,5.39570528982334,0.574788904487876,0.585725118977456,0.524370426642208,0.174034853875623,10.2896044429764,0.241311140201322,8.47749096109572,1.62638558897643,18.6166666666667,7.60000000000001,13.55,5.34368786513584,-25.3,96.01,6.66,44.7783333333333,268.67,81.2152347211244,18.8,7.53333333333334,13.7,2.16564078277077,-15.3,96.01,26.3,65.2866666666667,202.52,55.7033011143789,0.302077174072083,-0.424473529473453,-0.521783280305094,-0.517590696461229,0.96168013851618,-64.168361199174,-156.618516577758,8.89283657073975,1.38999998569489,11.3144798278809,2.43364787101746,21.4734420776367,268.616333007812,5.49258470535278,5.92851972579956,1.41999995708466,1.4099999666214,21,42,37,19,45.8719482421875,1.58036238879946,203.068464201072
"7","la_cana_2005",3740,0.0520813408556615,0.0840688706846579,0.0972323476346129,0.309941418105114,0.288149952096483,0.163343099075744,0.52074633775147,0.309858855842762,0.571417367824421,0.0366335824712354,-0.571417367824421,-0.0689835581844461,0.35059497186232,-0.165771971055334,0.354338452110799,0.389300169972555,0.943908635339621,2.72543571714573,0.373632909387403,0.330043039026556,-0.00549727836139028,-0.0963085475790428,6.52495998330347,0.203586882869864,3.28767049545468,1.62638558897643,18.7666666666667,6.75000000000001,13.2,7.8869512487399,-32,36.28,0.52,13.3783333333333,80.27,105.992217204858,19.9,7.96666666666668,14.7,3.99624824053761,-19.8,36.28,17.56,24.95,77.99,56.8336357717699,-1.12868836052776,-1.55345813850471,-1.17435420947292,-1.20537487991472,-0.282624153979104,-192.700351996429,-323.757633891079,8.89283657073975,1.38999998569489,11.3144798278809,2.43364787101746,21.4734420776367,268.616333007812,5.49258470535278,5.92851972579956,1.41999995708466,1.4099999666214,21,42,37,19,45.8719482421875,1.58036238879946,203.068464201072
"8","la_cana_2011",6820,0.0625041376124701,0.098960381209428,0.106722569251475,0.351376297794395,0.248971683601251,0.142948473407434,0.528179064126876,0.420457471099559,0.553811348655233,0.169450840282347,-0.553811348655233,-0.0275403557149297,0.379846482156166,-0.253322357317104,0.403014683072176,0.422007717538145,0.737163491527059,2.62981040998844,0.391618846108429,0.366722699366553,0.0691737513919375,-0.0380882985951247,6.2277405434307,0.229049433522935,3.55954882301158,1.62638558897643,18.8833333333334,8.15000000000001,14.0333333333333,6.2230753383409,-26,75.13,13.17,57.2533333333333,343.52,39.38420618193,20.1333333333334,9.26666666666669,15.4333333333333,4.4959240800233,-19.5,75.13,62.5,68.8066666666667,219.59,32.7712007257451,0.449026367484545,0.348531576050302,0.583610736469693,0.38999234230023,1.69124792499233,-51.5395856428905,-45.9199312424853,8.89283657073975,1.38999998569489,11.3144798278809,2.43364787101746,21.4734420776367,268.616333007812,5.49258470535278,5.92851972579956,1.41999995708466,1.4099999666214,21,42,37,19,45.8719482421875,1.58036238879946,203.068464201072
"9","la_ciervina_2005",3540,0.0547199697194978,0.0774442415962368,0.0972531937778239,0.219375891416249,0.272632882125591,0.1986930698734,0.382653283445282,0.0551083621825768,0.473187758179421,-0.108164776331122,-0.473187758179421,-0.109073692363464,0.222172701692846,0.0317587988248189,0.218553954586163,0.286525825962776,1.26400585470753,1.85639932177725,0.253335180363419,0.19616728984336,-0.336360892626805,-0.158778176806371,7.5652965400599,0.158314542597037,2.31831023795317,44.6783766659707,18.65,7.06666666666667,13.2833333333334,7.79215417369719,-31.7,43.65,0.56,20.5683333333333,123.41,95.0872636264442,19.6,8.23333333333335,14.6,3.89743505398101,-19.4,43.65,29.85,37.81,115.36,51.726700185751,-0.970530271377576,-1.31466389890437,-0.982119134165547,-1.21439872646251,-0.671149266245593,-136.780209117452,-245.096409725964,9.70303153991699,0.310000002384186,12.0209703445435,1.47608292102814,11.7900114059448,378.624908447266,5.69658756256104,6.74267530441284,1.38999998569489,1.57000005245209,11,77,12,4,41.457576751709,5.54353473039001,166.674051026478
"10","la_ciervina_2011",4760,0.0551792952330847,0.0788880730988586,0.0893254821625464,0.228195112036783,0.24995879156429,0.162012813428742,0.438307443590636,0.174995105028973,0.486111439970298,-0.042679605885244,-0.486111439970298,-0.0597726145078667,0.254751488917101,-0.0648630304664624,0.257516189208187,0.306295724607214,1.09873279972556,1.90707133615131,0.290948564104715,0.225935674537422,-0.26019973424561,-0.0887172292402073,7.97447676672342,0.158760297099665,2.5908590340879,44.6783766659707,18.8,8.55,14.1833333333333,6.09373995725667,-25.2,103.47,9.65,69.9283333333333,419.57,46.9356716888111,20,9.83333333333333,15.6,4.35545634807651,-18.4,103.47,70.83,86.0333333333333,267.75,38.1495539916205,0.797023400934386,0.442728292723657,0.737491124353768,0.731612146107674,1.52601067017131,18.1955861381875,44.5946302178891,9.70303153991699,0.310000002384186,12.0209703445435,1.47608292102814,11.7900114059448,378.624908447266,5.69658756256104,6.74267530441284,1.38999998569489,1.57000005245209,11,77,12,4,41.457576751709,5.54353473039001,166.674051026478
"11","la_ciervina_2014",5350,0.0431247378843635,0.0690143723881994,0.0718521423002557,0.272218170803966,0.21938986075594,0.123693896338801,0.574329240050845,0.368605452173234,0.588480630432702,0.10148483173508,-0.588480630432702,-0.0158790598535427,0.351883148185523,-0.232418632592426,0.360993960683341,0.367570355623472,0.836636199068998,2.96561569641348,0.391696267883542,0.328261622201111,0.00120108194001567,-0.0226383956028433,8.88959694914887,0.172035156552111,3.92617855472819,44.6783766659707,18.4833333333333,8.60000000000001,14.1333333333333,5.39617148232584,-23.5,127.85,3.4,65.0983333333333,390.59,79.073146150413,20.0333333333334,9.06666666666668,15.2,3.47706773014276,-17.9,56.83,23.48,44.7966666666667,137.79,114.90877355045,-0.946086604800758,0.261560774362505,-0.42282672132355,-0.35915976297546,0.499326068700668,-134.164974023873,18.2643167154509,9.70303153991699,0.310000002384186,12.0209703445435,1.47608292102814,11.7900114059448,378.624908447266,5.69658756256104,6.74267530441284,1.38999998569489,1.57000005245209,11,77,12,4,41.457576751709,5.54353473039001,166.674051026478
"12","las_casillas_2002",3530,0.05491222570654,0.0818821317919273,0.0912563974813241,0.271815504457767,0.249148092404602,0.144442122049128,0.497803096844219,0.303676065842532,0.537157695251142,0.041313032691467,-0.537157695251142,-0.0519431296780196,0.312398327470326,-0.161947145432046,0.319912735845263,0.353279676416911,0.934689910007859,2.35647248095845,0.343960835378853,0.286870344453721,-0.105220177384863,-0.0758083182968442,7.59506980423049,0.181535950969546,3.04903550287715,40.4455574729903,18.8333333333334,8.50000000000002,14.0666666666667,5.23399146604832,-24.8,98,4.52,45.53,273.18,73.8603256644307,19.0333333333334,8.50000000000002,14.2666666666667,2.00083315979452,-14.4,98,33.45,62.3933333333333,191.7,53.8977555428176,0.53692751373894,-0.074855765680612,-0.521527742931469,-0.409954366550789,1.07371114491242,-50.6994387189521,-97.9527138994992,8.44512748718262,0.699999988079071,10.4729595184326,1.86594521999359,22.7474136352539,297.610168457031,5.4189887046814,6.17776727676392,1.58000004291534,1.60000002384186,9,78,13,19,35.1700096130371,2.81823368932382,180.829415373701
"13","las_casillas_2007",3410,0.0477537226533393,0.0740908570186685,0.0730057728892975,0.280700377147287,0.221653612226197,0.12128199953681,0.583024865187057,0.392328570690717,0.578493034621797,0.113968770385316,-0.578493034621797,0.00933544181279331,0.362259995738267,-0.255121768693409,0.379759709264585,0.376575561773699,0.806980206064889,2.78294738580406,0.400774672903353,0.33866512623165,0.0292540267593798,0.0139228597132617,9.00250253556408,0.176853075018293,3.88880320526672,40.4455574729903,17.7166666666667,8,13.35,4.88251984122953,-22.4,84.55,11.3,50.64,303.84,57.5173003376273,18.6333333333333,8.26666666666667,14,3.0199337741083,-16.4,67.9,18.44,49.3966666666667,207.99,58.9650331823493,0.0115240920376453,0.118815986907975,0.921486369700497,0.7734660756067,0.0742371808395027,-87.0983019179556,-72.7591312129087,8.44512748718262,0.699999988079071,10.4729595184326,1.86594521999359,22.7474136352539,297.610168457031,5.4189887046814,6.17776727676392,1.58000004291534,1.60000002384186,9,78,13,19,35.1700096130371,2.81823368932382,180.829415373701
"14","las_casillas_2012",5540,0.0570474467239137,0.0777627085538052,0.0928984102137696,0.257308850557857,0.287004423517673,0.176240451017446,0.4713492398932,0.18615008582421,0.534568694093251,-0.0564652955959499,-0.534568694093251,-0.084207476274161,0.287797379985743,-0.0791706397487424,0.294309885769453,0.335513239657564,1.12485547638864,2.31718733661899,0.32037466226497,0.26073586719786,-0.171505906004279,-0.126182602067811,8.43583048957652,0.175103630385813,2.80542994491017,40.4455574729903,18.9333333333334,7.65000000000002,13.3333333333333,6.57682800950935,-28.3,47.85,0.96,14.7933333333333,88.76,130.468212524472,19.8666666666667,8.83333333333335,14.5,4.20000000000001,-18,47.85,1.73,26.0166666666667,79.01,74.1855127717625,-1.25690263957527,-1.75962672277102,-1.6899475826571,-1.50067670973579,-0.896901163643138,-187.921338407139,-347.334600209592,8.44512748718262,0.699999988079071,10.4729595184326,1.86594521999359,22.7474136352539,297.610168457031,5.4189887046814,6.17776727676392,1.58000004291534,1.60000002384186,9,78,13,19,35.1700096130371,2.81823368932382,180.829415373701
"15","las_casillas_2014",7060,0.0449962088551014,0.0858282339201333,0.091682805414961,0.268277100465138,0.20821421410471,0.128921227457267,0.489917224117977,0.348530877173773,0.514070090331382,0.124677735621343,-0.514070090331382,-0.0307892171193169,0.306450724143582,-0.173465734800765,0.297092002759512,0.349169118526159,0.785610209510578,2.13599208409842,0.337924076300757,0.28054905555948,-0.122608988296425,-0.0415598307132359,5.83782644746622,0.17997995294005,2.96765822422742,40.4455574729903,18.5,9.05000000000001,14.25,5.25080946140689,-22.7,123.72,8.98,53.7516666666667,322.51,81.8112599915414,20.1,9.56666666666668,15.3333333333333,3.46458270695526,-17.8,41.88,21.92,33.3133333333333,108.92,132.003949669162,-0.831193009304039,0.457410694440563,-0.281347634131796,-0.204597051929758,0.832764271988207,-150.211946957543,-28.1126091729549,8.44512748718262,0.699999988079071,10.4729595184326,1.86594521999359,22.7474136352539,297.610168457031,5.4189887046814,6.17776727676392,1.58000004291534,1.60000002384186,9,78,13,19,35.1700096130371,2.81823368932382,180.829415373701
"16","la_villa_2003",3790,0.0565854500748707,0.082995887671295,0.0930879775047643,0.298490651193393,0.252768373536619,0.149794948974499,0.52600812258379,0.33856581200055,0.564451868145958,0.0861661397508859,-0.564451868145958,-0.0509413676806559,0.345569468465408,-0.196466592397857,0.360038716610185,0.380848836568067,0.850765728488202,2.64916178215273,0.372742146955063,0.323570750494271,-0.0146631352582736,-0.0743898597168403,7.59693412968853,0.195789314349079,3.34299614771357,24.9708562115622,18.7,8.70000000000001,14.1666666666667,6.56769873446299,-27.1,110.61,3.83,71.3433333333333,428.06,67.2836766577891,19.7,9.13333333333333,15.0666666666667,3.52183664205672,-17.3,97.99,16.43,68.9966666666667,210.82,69.5720822989835,0.470154711625702,0.910514138313723,1.0501713933372,1.28219435605782,0.865796980979286,-20.0143693768425,115.202982526828,11.3968706130981,0.5,10.6122188568115,1.69671773910522,12.6461906433105,267.482421875,5.3775200843811,6.37923431396484,1.60000002384186,1.66999995708466,6,83,11,15,33.6952667236328,1.63500729173845,261.8283095461
"17","la_villa_2010",3910,0.0563629210458692,0.0896909982012075,0.097933541259797,0.324127606385713,0.254776494298471,0.151708945731081,0.534265017904658,0.365811583492761,0.56441896346638,0.121858572904174,-0.56441896346638,-0.0378982818242357,0.366877720944829,-0.213936665451609,0.381203938397385,0.403135683123565,0.799386446724813,2.65302903820379,0.387251256202422,0.348718137030265,0.0362015277519249,-0.0532977771038662,6.60718912545943,0.211030573822755,3.45917394249444,24.9708562115622,17.2333333333334,7.86666666666667,13.0833333333333,5.68028755140677,-23.6,206.45,32.98,104.701666666667,628.21,66.0473366418125,18.2666666666667,8.16666666666667,13.9666666666667,3.25166623953525,-16.1,145.03,32.98,82.17,284.67,84.1580409552412,0.757821951721659,1.69537499010729,1.34119206110959,1.23911156503652,-0.23333148313697,3.90682767579585,255.93470182701,11.3968706130981,0.5,10.6122188568115,1.69671773910522,12.6461906433105,267.482421875,5.3775200843811,6.37923431396484,1.60000002384186,1.66999995708466,6,83,11,15,33.6952667236328,1.63500729173845,261.8283095461
"18","la_villa_2015",8310,0.0459539609652774,0.0730948481352599,0.0737437275890763,0.295362374044935,0.236125207466525,0.133108941863984,0.598884592519827,0.378352963621183,0.602011998246566,0.110300806792944,-0.602011998246566,-0.00268249067345219,0.381348985610621,-0.24597502411374,0.39728541690815,0.392106999061004,0.805044505228969,3.05718035689331,0.417415211857702,0.359862029531636,0.0814046818707113,-0.00381149502973901,8.66894098342788,0.184553050817006,4.06478504835962,24.9708562115622,19.5166666666667,8.65000000000001,14.35,7.01619555029647,-29,58.65,6.73,31.5,189,54.9490925446359,21.2,9.80000000000001,15.8,4.12431812546026,-20,58.65,6.73,34.39,138.36,50.3313874718241,-1.11929895825611,-1.14073347872308,-1.03629636441821,-0.601241319294594,-0.367857522897304,-156.858819444237,-211.139200847634,11.3968706130981,0.5,10.6122188568115,1.69671773910522,12.6461906433105,267.482421875,5.3775200843811,6.37923431396484,1.60000002384186,1.66999995708466,6,83,11,15,33.6952667236328,1.63500729173845,261.8283095461
"19","valdelacasa_2002",4320,0.045456334485843,0.0708779973007211,0.0697923894635042,0.302594326451572,0.179508532286918,0.0950210600742812,0.615664087240059,0.514122532808193,0.61145524048221,0.248376486762871,-0.61145524048221,0.0210424854745794,0.396446391297833,-0.358189532879783,0.421829276537611,0.400529901003689,0.619959480976974,3.4174655005777,0.431487353252204,0.381621508769517,0.126152205396028,0.0331156109025069,9.7563875554556,0.186193357957538,4.83283970414054,48.8081616688023,19.1166666666667,8.46666666666668,14.4333333333333,5.8602616551368,-26.4,151.37,8.22,63.3833333333333,380.3,85.8626399208663,19.3333333333334,8.50000000000002,14.7,2.25166604983954,-15.1,151.37,21.63,80.23,248.91,67.8332335408731,0.59247782704131,0.176677526312191,-0.414210874748662,-0.415189926120078,1.33327571317507,5.17396132795196,36.5934378781156,14.4119987487793,0.699999988079071,11.3750448226929,2.21865129470825,21.889181137085,307.710083007812,6.15385437011719,6.77706289291382,1.58000004291534,1.60000002384186,9,78,13,19,35.1700096130371,6.43110241935146,162.528839641037
"20","valdelacasa_2003",3880,0.0323548428633042,0.0599213569823399,0.059330405116448,0.29305987868298,0.175324142790666,0.0854417406364917,0.65953477860655,0.545861182407266,0.657360178516064,0.249776627817339,-0.657360178516064,0.00919282548173462,0.409453607117908,-0.384341399737279,0.415058230505965,0.399847339983689,0.610879008459681,3.93283397019268,0.45349275982903,0.391171428173629,0.176778498221989,0.012958645454851,9.32312554887369,0.176195141899714,5.10641369706713,48.8081616688023,19,9.03333333333334,14.7,7.00713921654194,-28,152.86,4.2,79.1616666666667,474.97,70.7247760613138,20.1,9.6,15.7333333333333,3.55715241918777,-17.2,92,23.22,67.82,207.66,82.5522139138952,0.261200670242287,0.941237131770277,1.16731548580772,1.32039626860843,0.904712918410165,-25.8781740650162,171.086405295496,14.4119987487793,0.699999988079071,11.3750448226929,2.21865129470825,21.889181137085,307.710083007812,6.15385437011719,6.77706289291382,1.58000004291534,1.60000002384186,9,78,13,19,35.1700096130371,6.43110241935146,162.528839641037
"21","valdelacasa_2014",8310,0.0488634770300213,0.0845262620094078,0.106381545388297,0.323558526248161,0.288632650844063,0.163332694761264,0.507316008138569,0.331325057536755,0.586139684404109,0.0592034346992174,-0.586139684404109,-0.110536877448646,0.350437523398984,-0.164064416878806,0.341313975244662,0.39689861942611,0.893439676633425,2.87770075065574,0.368808711424036,0.330495393726793,-0.00275005366107411,-0.148568686982843,5.5761244404622,0.214970035818229,3.12871076299324,48.8081616688023,18.8833333333334,9.05000000000001,14.6666666666667,5.59738033964699,-23.9,179.05,0.91,81.5083333333333,489.05,87.2419889813417,20.5,9.60000000000002,15.7666666666667,3.47035060668706,-17.9,74.61,22.3,51.8366666666667,156.42,137.179907116344,-0.471402796680189,0.959354651014233,0.272018137801895,0.294281581704879,0.935793887597073,-92.2409432261791,174.488973845907,14.4119987487793,0.699999988079071,11.3750448226929,2.21865129470825,21.889181137085,307.710083007812,6.15385437011719,6.77706289291382,1.58000004291534,1.60000002384186,9,78,13,19,35.1700096130371,6.43110241935146,162.528839641037
"22","valdelacasa_2015",7060,0.0374135261914059,0.0703484799585914,0.0811370263548609,0.307235635817548,0.240127628947894,0.129080037447104,0.58242813752262,0.408778314022413,0.626797502159194,0.12360884179976,-0.626797502159194,-0.0673705029177097,0.381475131670493,-0.244547728340736,0.3738297988937,0.399212497707243,0.784871484847339,3.39759493268688,0.41210441160019,0.361107833931284,0.0780268857202438,-0.0895107455502496,6.66059066827255,0.194186331086204,3.87668610862173,48.8081616688023,19.9666666666667,8.95000000000001,14.85,7.39046683234557,-29.5,67.76,5.81,33.8966666666667,203.38,61.4760129512919,21.7,10.0333333333333,16.3333333333334,4.34664621672079,-20.8,67.76,5.81,33.8333333333333,145.08,61.5910912021367,-1.25887381425092,-1.18018783177087,-0.920224430801452,-0.555884256014721,-0.169640157686822,-168.880016377391,-204.992535754432,14.4119987487793,0.699999988079071,11.3750448226929,2.21865129470825,21.889181137085,307.710083007812,6.15385437011719,6.77706289291382,1.58000004291534,1.60000002384186,9,78,13,19,35.1700096130371,6.43110241935146,162.528839641037
"24","deheson_O6_2009",599.63,0.0669134198824646,0.0892862668869785,0.0995077785139458,0.2909297484729,0.278888300219234,0.171359643595876,0.491804760710656,0.262858111073042,0.530331749201396,0.0228069108324108,-0.530331749201396,-0.0512828130878181,0.321657943531138,-0.143054777893631,0.34475407038446,0.367839021683182,0.961966443435659,2.28691188229848,0.347401296125796,0.297821079447679,-0.0796352627054378,-0.0789504633040986,7.79346322843099,0.195218763493423,2.9776555527966,23.4374470852833,18.8833333333333,7.98333333333335,13.9666666666667,6.60444294900535,-26.6,62.12,16.11,37.14,222.84,58.3518390293511,20.6,8.43333333333336,15.0666666666667,3.84230833397495,-19,43.49,17.03,27.5666666666667,98.81,78.6162261747315,-1.47203049833428,-0.777674819154832,-1.05537060334552,-1.23227975150784,-1.2548046229301,-186.888671462032,-136.842506410897,13.0227241516113,0.5,9.94951725006104,1.85545551776886,22.1634178161621,254.617980957031,6.53959989547729,6.96616125106812,1.41999995708466,1.60000002384186,9,80,11,4,39.8831939697266,2.21358564212264,223.993322025797
"25","deheson_O6_2010",1809.995,0.0494915914701076,0.0825928382479302,0.0886616493575511,0.31349642441355,0.227446949522944,0.130111383065377,0.5632279838503,0.426624510080269,0.584312838475282,0.170741954875127,-0.584312838475282,-0.0265139689541505,0.374213545827229,-0.263594988842845,0.382770891977739,0.399619497022774,0.729683658243078,2.89709675886121,0.401309697667073,0.354844103682681,0.062840309118605,-0.0371396889757759,7.09376381731869,0.201079036885551,3.76438325512907,23.4374470852833,17.05,7.75000000000002,13.1,6.004664853262,-24,208.86,36.89,96.735,580.41,67.5062194542664,18.3,8.16666666666669,14.1666666666667,3.46746785613555,-16.7,90.94,36.89,66.6433333333333,239.43,97.9875077113259,0.378111891998801,1.5376894675986,1.18709270570072,0.924044651409421,-0.178600021086965,-20.5161126253681,264.613750196452,13.0227241516113,0.5,9.94951725006104,1.85545551776886,22.1634178161621,254.617980957031,6.53959989547729,6.96616125106812,1.41999995708466,1.60000002384186,9,80,11,4,39.8831939697266,2.21358564212264,223.993322025797
"26","deheson_C5_2012",366.12,0.0494258476521895,0.070757176640306,0.0835792796503467,0.208624378007094,0.261671944310498,0.168154991266703,0.431225737980237,0.116035357851718,0.494501780317288,-0.107927566882182,-0.494501780317288,-0.0788178418156839,0.236694055748388,-0.0212744860058655,0.233797573095477,0.287266629768604,1.25760753046081,1.99699741695943,0.277044898742509,0.206954859400827,-0.307717107570015,-0.11564894869296,8.71150383820786,0.14610182882872,2.58112409818954,31.5389547652181,18.7833333333333,7.11666666666668,13.1333333333333,7.26984639911097,-30.4,76.65,1.8,25.5683333333333,153.41,112.731906900529,19.5666666666667,8.20000000000001,14.2333333333333,4.38786204584117,-19,76.65,11.34,43.2833333333333,131.65,66.5929989896427,-0.986770933364973,-1.2873213990491,-1.29944503482869,-1.52189460550371,-0.854264735316386,-141.709571512973,-223.559020003633,14.9781265258789,0.550000011920929,10.8109827041626,1.9603385925293,22.5469932556152,288.654083251953,6.35314750671387,6.928626537323,1.44000005722046,1.5900000333786,10,80,10,4,39.7310943603516,2.24592007849703,221.506384924763
"27","deheson_W1_2012",306.5,0.0482445246840985,0.0697407685771866,0.0851245909081485,0.209358647128003,0.266966823214294,0.174333187548894,0.431523674907378,0.104494215198878,0.505005530343287,-0.115397235477824,-0.505005530343287,-0.0929226384172127,0.234928716821441,-0.00913546094707306,0.22921900585899,0.286840315897773,1.26633946619735,2.06194802440477,0.275607685888208,0.204829589702426,-0.311589281189203,-0.13499980423666,8.74361473843387,0.147241619018076,2.55376003045165,35.4167998018219,18.6666666666667,7.05,13.05,7.26601679051184,-30.3,84.12,1.9,28.155,168.93,111.853293453725,19.4666666666667,8.13333333333333,14.1666666666667,4.35928128632843,-18.9,84.12,12.33,47.3233333333333,143.87,66.5470763652099,-0.747592573137611,-1.30750004442467,-1.38806191714693,-1.4341425798282,-0.716713260834906,-101.435455083192,-193.445331337819,11.3884735107422,0.550000011920929,11.8076572418213,1.71166706085205,18.6980266571045,311.288055419922,6.42774963378906,6.94911193847656,1.44000005722046,1.5900000333786,10,80,10,4,39.7310943603516,3.45861230840804,209.22424055558
"28","deheson_W4_2012",306.5,0.0460103651058519,0.0676183233584566,0.0749574433587609,0.22442614055954,0.234496793233483,0.143718539348353,0.501488788099024,0.223977817662471,0.537298839598192,-0.0202577227772934,-0.537298839598192,-0.0480490938084686,0.279664478049241,-0.111172072463391,0.280736784093287,0.31334886620279,1.04793777213652,2.35097048869395,0.324909209077461,0.248799245124822,-0.193815833866236,-0.070621332515011,9.43695445049515,0.14969179195915,3.05573775637807,38.305886889277,18.8,7.15000000000002,13.1666666666667,7.26213926241206,-30.4,76.87,1.77,25.7183333333333,154.31,112.748187195431,19.5666666666667,8.23333333333333,14.3,4.33012701892219,-19,76.87,11.29,43.5766666666667,132.5,66.5423879986495,-1.03778201603999,-1.36347127308338,-1.32994672445442,-1.57487615725494,-0.926111375621443,-146.417100375057,-239.355377617347,13.8194255828857,0.5,11.506031036377,2.24121999740601,21.4730587005615,314.004699707031,6.44673681259155,6.75360107421875,1.41999995708466,1.60000002384186,9,80,11,4,39.8831939697266,2.34406685449888,180.924919894138
"29","deheson_O6_2012",623.5,0.0508535004937595,0.0738435898093541,0.0852950295981346,0.250132697750651,0.25799191879029,0.161419551350981,0.493680345733957,0.221206798152513,0.543057100015701,-0.0156854697640907,-0.543057100015701,-0.0647885780446581,0.294010183823366,-0.109158926219707,0.297962387012011,0.332675534981899,1.05589075817207,2.50607673835247,0.331290693981253,0.267442294075477,-0.149663234687326,-0.0952507342373683,8.67446155656734,0.167713863674393,3.12207888289324,23.4374470852833,18.7833333333333,7.11666666666668,13.1333333333333,7.26984639911097,-30.4,76.65,1.8,25.5683333333333,153.41,112.731906900529,19.5666666666667,8.20000000000001,14.2333333333333,4.38786204584117,-19,76.65,11.34,43.2833333333333,131.65,66.5929989896427,-1.1011794714924,-1.50018177589681,-1.41495443851523,-1.59877077595303,-1.06507607344715,-150.225966032813,-260.814267175987,13.0227241516113,0.5,9.94951725006104,1.85545551776886,22.1634178161621,254.617980957031,6.53959989547729,6.96616125106812,1.41999995708466,1.60000002384186,9,80,11,4,39.8831939697266,2.21358564212264,223.993322025797
"30","deheson_C2_2013",3304.21,0.0527808562679075,0.0873611219410752,0.0998027220014241,0.312481797351151,0.228439605472763,0.12892535985353,0.515082516667095,0.419075895855289,0.561582522075703,0.157789880560992,-0.561582522075703,-0.0627942409847114,0.348909335467154,-0.235604381017553,0.351428070816824,0.390022605095899,0.7435031016326,2.62433761336168,0.370760321739226,0.328513989064413,-0.00872262253813853,-0.0873927531683426,6.1751722771519,0.206142259676288,3.23055270503941,21.8855109059529,17.2333333333333,7.33333333333335,12.9666666666667,5.81847631830419,-25.1,246.96,10.9,81.0666666666667,486.4,105.564884818419,17.4,7.66666666666669,13.4,3.0610455730028,-15.2,246.96,28.85,109.346666666667,338.94,78.2629557000352,1.66169308478345,1.11401681254702,0.762584594623635,0.705212735584002,-0.732894678790118,150.369719673148,220.367384992155,13.5349550247192,0.550000011920929,10.116943359375,1.7786957025528,23.0111236572266,278.854949951172,6.47550010681152,6.8383526802063,1.44000005722046,1.5900000333786,10,80,10,4,39.7310943603516,2.63286142908967,203.886319418576
"31","deheson_C5_2013",3304.21,0.0444905660079936,0.0779337908999955,0.0821624521758615,0.326891242463563,0.182898021440743,0.0933263185053756,0.598199678111008,0.556576801571459,0.613458799852446,0.283153747128633,-0.613458799852446,-0.0192324633160415,0.402369367969036,-0.362551506439507,0.411702294725498,0.417494147345488,0.569257103405635,3.25626156522104,0.42877774523956,0.385997911896002,0.131605604019821,-0.0260493037664676,7.23312068285546,0.204526847319712,4.16505950166585,31.5389547652181,17.2166666666667,7.30000000000001,12.9333333333333,5.83323809446062,-25.1,242.68,10.37,79.4833333333333,476.9,105.80446360609,17.3666666666667,7.6,13.3666666666667,3.05668665933121,-15.1,242.68,28.21,107.573333333333,333.09,78.1763582885229,1.64017301458195,1.0089192307305,0.705032433516293,0.608504720874868,-0.890576831535933,123.789037657852,174.181375979687,14.9781265258789,0.550000011920929,10.8109827041626,1.9603385925293,22.5469932556152,288.654083251953,6.35314750671387,6.928626537323,1.44000005722046,1.5900000333786,10,80,10,4,39.7310943603516,2.24592007849703,221.506384924763
"32","deheson_W1_2013",1912.92,0.0474727679913375,0.0781424927948459,0.0893360669823465,0.287791549296723,0.218239257303468,0.122637781081824,0.52470011666824,0.40019925628922,0.570304579179267,0.134529540707932,-0.570304579179267,-0.0628810497793568,0.337272476587234,-0.226277741937748,0.337019424936372,0.371688752906316,0.778080766742144,2.70873228035369,0.367189476729888,0.31379271337846,-0.0415086164779714,-0.0877588145106743,6.97453110661883,0.188563808139535,3.30071399234271,35.4167998018219,17.0333333333333,7.18333333333334,12.8166666666667,5.79151678463135,-25.1,255.7,11.61,85,510,104.096757758244,17.2,7.5,13.2666666666667,3.01385688667085,-15.1,255.7,31.23,113.52,352.17,77.9441896533716,1.6350366875506,1.06618459427411,0.66923401205068,0.694194107881713,-0.665273942868319,160.765613902257,238.446995664012,11.3884735107422,0.550000011920929,11.8076572418213,1.71166706085205,18.6980266571045,311.288055419922,6.42774963378906,6.94911193847656,1.44000005722046,1.5900000333786,10,80,10,4,39.7310943603516,3.45861230840804,209.22424055558
"33","deheson_W4_2013",1912.92,0.046867554861467,0.0783449036511157,0.0857755545354746,0.304646794254174,0.211958156735505,0.116238914918753,0.566827419964521,0.458915164081684,0.594018911598627,0.185625880447872,-0.594018911598627,-0.0361268841720197,0.369478953799151,-0.284406444169308,0.374562909356439,0.392769889047183,0.697671542368453,3.0028927611713,0.399868250533035,0.348595411130547,0.0539874864444125,-0.0497270110285121,7.40548696498681,0.195211174394824,3.79244167862316,38.305886889277,17.2333333333333,7.31666666666668,12.9833333333333,5.79841932483903,-25.1,243.12,10.47,79.4883333333333,476.93,106.029698284015,17.4,7.63333333333334,13.4,3.0610455730028,-15.2,243.12,28.05,107.643333333333,333.4,78.2967578153085,1.61043685798761,0.907484850092459,0.627338139390835,0.538054410093676,-1.01377935439998,109.202151081957,144.144442312244,13.8194255828857,0.5,11.506031036377,2.24121999740601,21.4730587005615,314.004699707031,6.44673681259155,6.75360107421875,1.41999995708466,1.60000002384186,9,80,11,4,39.8831939697266,2.34406685449888,180.924919894138
"34","deheson_O6_2013",2562.84,0.0512597071733332,0.0921322144775285,0.11227274244703,0.331299230401357,0.252631880256636,0.139141924967853,0.495334805316992,0.41132661093323,0.565070070455235,0.138182178685044,-0.565070070455235,-0.0950292823769274,0.348019607199287,-0.211307606121536,0.338200571906332,0.400162826509602,0.767545244182492,2.62722814489528,0.363164483744309,0.32873280936039,-0.00809807351789542,-0.127099738057257,5.02260736187256,0.221785986424193,3.02109568245847,23.4374470852833,17.2166666666667,7.30000000000001,12.9333333333333,5.83323809446062,-25.1,242.68,10.37,79.4833333333333,476.9,105.80446360609,17.3666666666667,7.6,13.3666666666667,3.05668665933121,-15.1,242.68,28.21,107.573333333333,333.09,78.1763582885229,1.61428735428012,0.898233223685364,0.604167654135602,0.600674930307024,-0.983157361900115,106.702508246018,134.526755176361,13.0227241516113,0.5,9.94951725006104,1.85545551776886,22.1634178161621,254.617980957031,6.53959989547729,6.96616125106812,1.41999995708466,1.60000002384186,9,80,11,4,39.8831939697266,2.21358564212264,223.993322025797
